{
  "id": "image_and_text",
  "type": "SharedSlice",
  "name": "ImageAndText",
  "description": "ImageAndText",
  "variations": [
    {
      "id": "default",
      "name": "Default",
      "docURL": "...",
      "version": "sktwi1xtmkfgx8626",
      "description": "ImageAndText",
      "primary": {
        "title": {
          "type": "StructuredText",
          "config": {
            "label": "Title",
            "placeholder": "This is where it all begins...",
            "allowTargetBlank": true,
            "single": "heading1,strong,em"
          }
        },
        "description": {
          "type": "StructuredText",
          "config": {
            "label": "Description",
            "placeholder": "A nice description of your feature",
            "allowTargetBlank": true,
            "multi": "paragraph,heading1,heading2,heading3,heading4,heading5,heading6,strong,em,list-item,o-list-item"
          }
        },
        "button_link": {
          "type": "Link",
          "config": {
            "label": "Button Link",
            "placeholder": "",
            "select": null
          }
        },
        "button_label": {
          "type": "Text",
          "config": {
            "label": "Button Label",
            "placeholder": ""
          }
        },
        "main_image": {
          "type": "Image",
          "config": {
            "label": "Main Image",
            "constraint": {
              "width": 1200,
              "height": 1200
            },
            "thumbnails": [
              {
                "name": "Responsive",
                "width": 600,
                "height": null
              }
            ]
          }
        },
        "social_handle": {
          "type": "Text",
          "config": {
            "label": "Social handle",
            "placeholder": ""
          }
        }
      },
      "items": {},
      "imageUrl": "https://images.prismic.io/slice-machine/621a5ec4-0387-4bc5-9860-2dd46cbc07cd_default_ss.png?auto=compress,format"
    },
    {
      "id": "textRight",
      "name": "TextRight",
      "docURL": "...",
      "version": "sktwi1xtmkfgx8626",
      "description": "ImageAndText",
      "primary": {
        "title": {
          "type": "StructuredText",
          "config": {
            "label": "Title",
            "placeholder": "This is where it all begins...",
            "allowTargetBlank": true,
            "single": "heading1,strong,em"
          }
        },
        "description": {
          "type": "StructuredText",
          "config": {
            "label": "Description",
            "placeholder": "A nice description of your feature",
            "allowTargetBlank": true,
            "single": "paragraph,strong"
          }
        },
        "button_link": {
          "type": "Link",
          "config": {
            "label": "Button Link",
            "placeholder": "",
            "select": null
          }
        },
        "button_label": {
          "type": "Text",
          "config": {
            "label": "Button Label",
            "placeholder": ""
          }
        },
        "main_image": {
          "type": "Image",
          "config": {
            "label": "Main Image",
            "constraint": {
              "width": 1200,
              "height": 1200
            },
            "thumbnails": [
              {
                "name": "Responsive",
                "width": 600,
                "height": null
              }
            ]
          }
        },
        "select_for_variation": {
          "type": "Select",
          "config": {
            "label": "Select For Variation",
            "placeholder": "",
            "options": [
              "1",
              "2"
            ]
          }
        }
      },
      "items": {},
      "imageUrl": "https://images.prismic.io/slice-machine/621a5ec4-0387-4bc5-9860-2dd46cbc07cd_default_ss.png?auto=compress,format"
    }
  ]
}